{
  "hash": "ffcd2caa",
  "configHash": "85f3279d",
  "lockfileHash": "114e9873",
  "browserHash": "4ab4d7ca",
  "optimized": {
    "@angular/common": {
      "src": "../../../../../../node_modules/@angular/common/fesm2022/common.mjs",
      "file": "@angular_common.js",
      "fileHash": "5d222979",
      "needsInterop": false
    },
    "@angular/common/http": {
      "src": "../../../../../../node_modules/@angular/common/fesm2022/http.mjs",
      "file": "@angular_common_http.js",
      "fileHash": "0b4c40ae",
      "needsInterop": false
    },
    "@angular/core": {
      "src": "../../../../../../node_modules/@angular/core/fesm2022/core.mjs",
      "file": "@angular_core.js",
      "fileHash": "0b1fdd38",
      "needsInterop": false
    },
    "@angular/forms": {
      "src": "../../../../../../node_modules/@angular/forms/fesm2022/forms.mjs",
      "file": "@angular_forms.js",
      "fileHash": "87e768ff",
      "needsInterop": false
    },
    "@angular/platform-browser": {
      "src": "../../../../../../node_modules/@angular/platform-browser/fesm2022/platform-browser.mjs",
      "file": "@angular_platform-browser.js",
      "fileHash": "cbd798e9",
      "needsInterop": false
    },
    "@angular/router": {
      "src": "../../../../../../node_modules/@angular/router/fesm2022/router.mjs",
      "file": "@angular_router.js",
      "fileHash": "7906034c",
      "needsInterop": false
    }
  },
  "chunks": {
    "chunk-NO365PCT": {
      "file": "chunk-NO365PCT.js"
    },
    "chunk-MTLKUEXS": {
      "file": "chunk-MTLKUEXS.js"
    },
    "chunk-QRPWEIZA": {
      "file": "chunk-QRPWEIZA.js"
    },
    "chunk-PXXAIYND": {
      "file": "chunk-PXXAIYND.js"
    }
  }
}